{
  "etapa": "recepcao",
  "perigo": "bio",
  "timestamp": "20250925_095102",
  "features_usadas": [
    "fornecedor_auditado",
    "laudo_residuos_agrotoxicos",
    "temperatura_recebimento_c",
    "tempo_desde_coleta_h",
    "integridade_containers",
    "sujeira_visivel_externa",
    "umidade_lote_pct",
    "documentacao_lote_ok",
    "transporte_segregado_de_quimicos",
    "lacre_viagem_integro",
    "lote_identificado"
  ],
  "classes": {
    "0": "DESPREZÍVEL",
    "1": "BAIXA",
    "2": "MÉDIA",
    "3": "ALTA"
  },
  "metrics": {
    "balanced_accuracy": 0.9191853820088016,
    "macro_f1": 0.9298709242574519,
    "report": {
      "0": {
        "precision": 0.9433962264150944,
        "recall": 0.9615384615384616,
        "f1-score": 0.9523809523809523,
        "support": 52.0
      },
      "1": {
        "precision": 0.9554140127388535,
        "recall": 0.9259259259259259,
        "f1-score": 0.9404388714733543,
        "support": 162.0
      },
      "2": {
        "precision": 0.9235294117647059,
        "recall": 0.9631901840490797,
        "f1-score": 0.9429429429429429,
        "support": 163.0
      },
      "3": {
        "precision": 0.95,
        "recall": 0.8260869565217391,
        "f1-score": 0.8837209302325582,
        "support": 23.0
      },
      "accuracy": 0.94,
      "macro avg": {
        "precision": 0.9430849127296634,
        "recall": 0.9191853820088016,
        "f1-score": 0.9298709242574519,
        "support": 400.0
      },
      "weighted avg": {
        "precision": 0.9405474198873156,
        "recall": 0.94,
        "f1-score": 0.9397504694938535,
        "support": 400.0
      }
    }
  },
  "rf_params": {
    "n_estimators": 300,
    "max_depth": null,
    "min_samples_leaf": 2,
    "class_weight": "balanced_subsample",
    "random_state": 42,
    "n_jobs": -1
  }
}