{
  "etapa": "desoperculacao",
  "perigo": "bio",
  "timestamp": "20250925_095311",
  "features_usadas": [
    "higienizacao_utensilios",
    "material_utensilios_grau_alimentar",
    "uso_epi",
    "higiene_das_maos",
    "teor_umidade_mel_pct",
    "controle_particulas_plasticos_areia",
    "pontos_agua_potavel_ok",
    "separacao_fluxo_cru_pronto",
    "lote_identificado"
  ],
  "classes": {
    "0": "DESPREZÍVEL",
    "1": "BAIXA",
    "2": "MÉDIA",
    "3": "ALTA"
  },
  "metrics": {
    "balanced_accuracy": 0.9756450218457778,
    "macro_f1": 0.9727366989919269,
    "report": {
      "0": {
        "precision": 0.9310344827586207,
        "recall": 1.0,
        "f1-score": 0.9642857142857143,
        "support": 27.0
      },
      "1": {
        "precision": 0.967741935483871,
        "recall": 0.9836065573770492,
        "f1-score": 0.975609756097561,
        "support": 122.0
      },
      "2": {
        "precision": 0.9850746268656716,
        "recall": 0.9801980198019802,
        "f1-score": 0.9826302729528535,
        "support": 202.0
      },
      "3": {
        "precision": 1.0,
        "recall": 0.9387755102040817,
        "f1-score": 0.968421052631579,
        "support": 49.0
      },
      "accuracy": 0.9775,
      "macro avg": {
        "precision": 0.9709627612770408,
        "recall": 0.9756450218457778,
        "f1-score": 0.9727366989919269,
        "support": 400.0
      },
      "weighted avg": {
        "precision": 0.9779688044759517,
        "recall": 0.9775,
        "f1-score": 0.9775101281126013,
        "support": 400.0
      }
    }
  },
  "rf_params": {
    "n_estimators": 300,
    "max_depth": null,
    "min_samples_leaf": 2,
    "class_weight": "balanced_subsample",
    "random_state": 42,
    "n_jobs": -1
  }
}