feature,importance_mean,importance_std
temperatura_armazenamento_c,0.46248805601905324,0.0369918813228936
tempo_armazenado_dias,0.3515584221109827,0.025100743758337984
umidade_relativa_ambiente_pct,0.29055248933955125,0.035178359568189946
PEPS_FEFO_aplicado,0.037265220553630185,0.010176775798508715
bombonas_integra_limpa,0.023395228112209197,0.01617207998924254
lacres_integro,0.007977509662145721,0.018018649526194492
piso_limpo_seco,0.0006039732454825808,0.0029919617237977253
segregacao_de_produtos_quimicos,-0.0005066387141859474,0.0028901159478197345
lote_identificado,-0.0021342289536360193,0.004016896577838499
