feature,importance_mean,importance_std
integridade_peneira_sem_rasgos,0.48934911276882076,0.03074835178133105
malha_peneira_microns,0.3713661421708866,0.03242382674424635
protecao_contra_poeira,0.32895724490432515,0.0332685475925528
contagem_residuos_retidos_pct,0.2530923059098241,0.026665687446905194
frequencia_troca_peneira_h,0.007834001764658649,0.0023019440992998416
lote_identificado,0.007006978423036747,0.0025070558759954114
higienizacao_peneira_pos_lote,0.003834859584859518,0.009455876228490501
separacao_fluxo,0.002865995115995035,0.0027425069067830506
