{
  "etapa": "centrifugacao",
  "perigo": "fis",
  "timestamp": "20250914_183628",
  "features_usadas": [
    "velocidade_centrifuga_rpm",
    "tempo_centrifugacao_min",
    "limpeza_equipamento_pre_turno",
    "lubrificante_grau_alimentar",
    "vazamento_lubrificante",
    "uso_epi",
    "higiene_das_maos",
    "inspecao_fragmentos_cera_pos_centrifuga",
    "lote_identificado"
  ],
  "classes": {
    "0": "DESPREZÍVEL",
    "1": "BAIXA",
    "2": "MÉDIA",
    "3": "ALTA"
  },
  "metrics": {
    "balanced_accuracy": 0.9885027958461714,
    "macro_f1": 0.9849983814890015,
    "report": {
      "0": {
        "precision": 1.0,
        "recall": 1.0,
        "f1-score": 1.0,
        "support": 145.0
      },
      "1": {
        "precision": 0.9365079365079365,
        "recall": 1.0,
        "f1-score": 0.9672131147540983,
        "support": 59.0
      },
      "2": {
        "precision": 0.9919354838709677,
        "recall": 0.968503937007874,
        "f1-score": 0.9800796812749004,
        "support": 127.0
      },
      "3": {
        "precision": 1.0,
        "recall": 0.9855072463768116,
        "f1-score": 0.9927007299270073,
        "support": 69.0
      },
      "accuracy": 0.9875,
      "macro avg": {
        "precision": 0.9821108550947261,
        "recall": 0.9885027958461714,
        "f1-score": 0.9849983814890015,
        "support": 400.0
      },
      "weighted avg": {
        "precision": 0.9880744367639529,
        "recall": 0.9875,
        "f1-score": 0.9875801091434192,
        "support": 400.0
      }
    }
  },
  "rf_params": {
    "n_estimators": 300,
    "max_depth": null,
    "min_samples_leaf": 2,
    "class_weight": "balanced_subsample",
    "random_state": 42,
    "n_jobs": -1
  }
}