{
  "etapa": "armazenamento",
  "perigo": "bio",
  "timestamp": "20250914_183344",
  "features_usadas": [
    "temperatura_armazenamento_c",
    "umidade_relativa_ambiente_pct",
    "tempo_armazenado_dias",
    "bombonas_integra_limpa",
    "lacres_integro",
    "segregacao_de_produtos_quimicos",
    "piso_limpo_seco",
    "PEPS_FEFO_aplicado",
    "lote_identificado"
  ],
  "classes": {
    "0": "DESPREZÍVEL",
    "1": "BAIXA",
    "2": "MÉDIA",
    "3": "ALTA"
  },
  "metrics": {
    "balanced_accuracy": 0.8533956559563027,
    "macro_f1": 0.8905286934907923,
    "report": {
      "0": {
        "precision": 0.9603960396039604,
        "recall": 0.9150943396226415,
        "f1-score": 0.9371980676328503,
        "support": 106.0
      },
      "1": {
        "precision": 0.9378238341968912,
        "recall": 0.9576719576719577,
        "f1-score": 0.9476439790575916,
        "support": 189.0
      },
      "2": {
        "precision": 0.9313725490196079,
        "recall": 0.9693877551020408,
        "f1-score": 0.95,
        "support": 98.0
      },
      "3": {
        "precision": 1.0,
        "recall": 0.5714285714285714,
        "f1-score": 0.7272727272727273,
        "support": 7.0
      },
      "accuracy": 0.9425,
      "macro avg": {
        "precision": 0.9573981057051149,
        "recall": 0.8533956559563027,
        "f1-score": 0.8905286934907923,
        "support": 400.0
      },
      "weighted avg": {
        "precision": 0.9433129866628847,
        "recall": 0.9425,
        "f1-score": 0.9415965407546899,
        "support": 400.0
      }
    }
  },
  "rf_params": {
    "n_estimators": 300,
    "max_depth": null,
    "min_samples_leaf": 2,
    "class_weight": "balanced_subsample",
    "random_state": 42,
    "n_jobs": -1
  }
}