feature,importance_mean,importance_std
higienizacao_utensilios,0.45669179608938937,0.01737905533041146
higiene_das_maos,0.4254738419922065,0.035894185789211004
teor_umidade_mel_pct,0.3857562621434443,0.017018379667920386
pontos_agua_potavel_ok,0.25984797055037284,0.020647955981514827
uso_epi,0.1998741504573119,0.015512954332558764
lote_identificado,0.003810837758248975,0.004051322430735775
controle_particulas_plasticos_areia,0.0007425742574258098,0.0006063093422731188
separacao_fluxo_cru_pronto,-0.0003080188413621232,0.0036642209049453163
material_utensilios_grau_alimentar,-0.0007425742574256544,0.005015642744443712
