feature,importance_mean,importance_std
higienizacao_utensilios,0.41275000000000006,0.021893206708931412
higiene_das_maos,0.399,0.029857997253667248
teor_umidade_mel_pct,0.33925,0.017249999999999984
pontos_agua_potavel_ok,0.22375000000000003,0.010562315087138799
uso_epi,0.17275000000000001,0.010335013304297183
separacao_fluxo_cru_pronto,0.002750000000000008,0.0032500000000000025
controle_particulas_plasticos_areia,0.0015000000000000347,0.0012247448713916173
lote_identificado,0.0012500000000000289,0.0025617376914899154
material_utensilios_grau_alimentar,-0.0014999999999999792,0.004500000000000017
