feature,importance_mean,importance_std
tempo_transporte_h,0.522875656951744,0.0292789785690524
temperatura_transporte_c,0.5148459149546107,0.01730420540114362
veiculo_higienizado,0.00732152810957164,0.005857221886307751
embalagem_secundaria_protecao,0.004767379359770718,0.0031074059826762834
lote_identificado,0.003991877687529932,0.00484578468064853
registro_condicoes_transporte,0.0037720974677497242,0.006016763090900676
lacres_veiculo_integridade,0.0015191511387163902,0.0034023231020129476
carga_compartilhada_quimicos,-0.0030423833412963177,0.006390188499201005
