feature,importance_mean,importance_std
tempo_decantacao_h,0.5968333333333333,0.03709185295392448
claridade_visual_nota,0.5866666666666667,0.03321646178227494
material_tanque_inox_grau_alimentar,0.0004999999999999672,0.0068738635424337585
temperatura_decantacao_c,-0.002333333333333354,0.0061101009266077925
cobertura_anti_pragas,-0.005000000000000016,0.004533823502911817
tanque_limpio_sanitizado,-0.006166666666666698,0.005428832491634117
remocao_espuma_impurezas,-0.006833333333333358,0.0048562674281111455
lote_identificado,-0.007666666666666688,0.005333333333333337
