feature,importance_mean,importance_std
inspecao_fragmentos_cera_pos_centrifuga,0.4907500000000001,0.017644049988593907
velocidade_centrifuga_rpm,0.43900000000000006,0.02236626924634504
tempo_centrifugacao_min,0.00025000000000001686,0.0013462912017836344
vazamento_lubrificante,0.0,0.0
lubrificante_grau_alimentar,-0.0012499999999999734,0.0012499999999999734
uso_epi,-0.0012499999999999734,0.0012499999999999734
limpeza_equipamento_pre_turno,-0.001499999999999968,0.001224744871391563
higiene_das_maos,-0.0022499999999999855,0.0020766559657295187
lote_identificado,-0.0029999999999999805,0.0018708286933869782
