feature,importance_mean,importance_std
velocidade_centrifuga_rpm,0.49909398430372426,0.02494095253040465
inspecao_fragmentos_cera_pos_centrifuga,0.49000948378073084,0.013123300027859261
tempo_centrifugacao_min,0.00019685039370078705,0.00106007181242805
vazamento_lubrificante,0.0,0.0
lubrificante_grau_alimentar,-0.0009842519685039353,0.0009842519685039353
uso_epi,-0.0009842519685039353,0.0009842519685039353
limpeza_equipamento_pre_turno,-0.0011811023622047222,0.0009643660404658165
higiene_das_maos,-0.002598995777701707,0.0023745162758435578
lote_identificado,-0.0033550154056829927,0.00182983063929972
