{
  "etapa": "peneiragem",
  "perigo": "fis",
  "timestamp": "20250925_093553",
  "features_usadas": [
    "malha_peneira_microns",
    "integridade_peneira_sem_rasgos",
    "frequencia_troca_peneira_h",
    "higienizacao_peneira_pos_lote",
    "contagem_residuos_retidos_pct",
    "protecao_contra_poeira",
    "separacao_fluxo",
    "lote_identificado"
  ],
  "classes": {
    "0": "DESPREZÍVEL",
    "1": "BAIXA",
    "2": "MÉDIA",
    "3": "ALTA"
  },
  "metrics": {
    "balanced_accuracy": 0.9678399864531251,
    "macro_f1": 0.9747160289180055,
    "report": {
      "0": {
        "precision": 1.0,
        "recall": 0.9722222222222222,
        "f1-score": 0.9859154929577465,
        "support": 36.0
      },
      "1": {
        "precision": 0.9574468085106383,
        "recall": 0.9854014598540146,
        "f1-score": 0.9712230215827338,
        "support": 137.0
      },
      "2": {
        "precision": 0.9714285714285714,
        "recall": 0.9714285714285714,
        "f1-score": 0.9714285714285714,
        "support": 175.0
      },
      "3": {
        "precision": 1.0,
        "recall": 0.9423076923076923,
        "f1-score": 0.9702970297029703,
        "support": 52.0
      },
      "accuracy": 0.9725,
      "macro avg": {
        "precision": 0.9822188449848025,
        "recall": 0.9678399864531251,
        "f1-score": 0.9747160289180055,
        "support": 400.0
      },
      "weighted avg": {
        "precision": 0.9729255319148936,
        "recall": 0.9725,
        "f1-score": 0.9725148931196697,
        "support": 400.0
      }
    }
  },
  "rf_params": {
    "n_estimators": 300,
    "max_depth": null,
    "min_samples_leaf": 2,
    "class_weight": "balanced_subsample",
    "random_state": 42,
    "n_jobs": -1
  }
}