feature,importance_mean,importance_std
informacoes_completas,0.1213333333333333,0.02061283311165375
rotulo_presente,0.09033333333333327,0.010482790129010926
vedacao_adequada,0.049999999999999954,0.009067647005823626
data_validade_legivel,0.033333333333333284,0.008432740427115675
registro_lote,0.027333333333333286,0.01364632632697248
tipo_embalagem,0.022666666666666613,0.016451950239004098
lote_identificado,0.01699999999999994,0.011298967504452207
higienizacao_previa,-0.0016666666666667052,0.007923242882669795
