feature,importance_mean,importance_std
informacoes_completas,0.295,0.024278476979506847
rotulo_presente,0.27,0.024720661623652215
vedacao_adequada,0.26466666666666666,0.014772346537440221
tipo_embalagem,0.253,0.02557994005726622
lote_identificado,0.21033333333333334,0.02491987158875424
data_validade_legivel,0.20633333333333334,0.017792008193443364
registro_lote,0.175,0.012224747213928168
higienizacao_previa,0.166,0.013646326326972495
