feature,importance_mean,importance_std
informacoes_completas,0.2763333333333334,0.02774687169554236
rotulo_presente,0.24833333333333338,0.02315407331574966
tipo_embalagem,0.24666666666666667,0.025516878945339518
vedacao_adequada,0.24266666666666664,0.013727506854649314
data_validade_legivel,0.19933333333333333,0.020591260281973993
lote_identificado,0.18800000000000003,0.0241384893203089
higienizacao_previa,0.172,0.014696938456699062
registro_lote,0.165,0.01454876856186346
