feature,importance_mean,importance_std
informacoes_completas,0.2899999999999999,0.024720661623652194
rotulo_presente,0.26466666666666666,0.02472964932132188
vedacao_adequada,0.254,0.013482498944104462
tipo_embalagem,0.23999999999999994,0.02366431913239844
lote_identificado,0.19999999999999996,0.02599145158615725
data_validade_legivel,0.1983333333333333,0.01720787933218708
registro_lote,0.1673333333333333,0.012092238098144708
higienizacao_previa,0.15633333333333327,0.01328742095199649
