feature,importance_mean,importance_std
informacoes_completas,0.225,0.031666666666666676
rotulo_presente,0.2046666666666667,0.021457969252574784
vedacao_adequada,0.202,0.012754084313139326
tipo_embalagem,0.1796666666666667,0.022580719405919925
data_validade_legivel,0.16899999999999998,0.018260461233069774
lote_identificado,0.14499999999999996,0.019220937657784667
higienizacao_previa,0.12366666666666667,0.014940623220676652
registro_lote,0.11433333333333336,0.015059142664102016
