feature,importance_mean,importance_std
umidade_mel,0.23266666666666663,0.024935472279020057
higienizacao_previa,0.22333333333333333,0.017763883459298965
temperatura_envase,0.152,0.02295890047696341
manipulador_higiene,0.14966666666666664,0.015380362660079102
local_envase,0.11066666666666665,0.027680719322702267
tempo_exposicao_ar,0.06066666666666665,0.010934146311237835
uso_epi,0.049999999999999954,0.009428090415820644
aspecto_visual,0.032666666666666636,0.014742229591663991
