feature,importance_mean,importance_std
umidade_mel,0.14299999999999996,0.01601735170231195
higienizacao_previa,0.14033333333333325,0.014487542541400469
manipulador_higiene,0.06866666666666663,0.013920408678547404
temperatura_envase,0.04299999999999996,0.016292465879799913
local_envase,0.03933333333333329,0.019539134519670442
uso_epi,0.014666666666666606,0.008055363982396377
aspecto_visual,0.010999999999999954,0.009780933834080805
tempo_exposicao_ar,0.005666666666666631,0.00472581562625262
