feature,importance_mean,importance_std
umidade_mel,0.22566666666666674,0.02408549586600017
higienizacao_previa,0.2166666666666667,0.011547005383792516
manipulador_higiene,0.14433333333333337,0.016058919293927876
temperatura_envase,0.1286666666666667,0.02161275343659645
local_envase,0.10300000000000002,0.027626476833324632
uso_epi,0.046666666666666703,0.012110601416389975
tempo_exposicao_ar,0.04566666666666671,0.008698658900466588
aspecto_visual,0.027000000000000045,0.008875684637129563
