feature,importance_mean,importance_std
umidade_mel,0.20466666666666664,0.022958900476963424
higienizacao_previa,0.20233333333333334,0.01666999966673331
manipulador_higiene,0.1573333333333333,0.016586473739499636
temperatura_envase,0.10699999999999996,0.012333333333333326
local_envase,0.09366666666666665,0.017666666666666678
treinamento_equipe,0.05066666666666664,0.01083205120618128
aspecto_visual,0.047666666666666635,0.00989388138643723
tempo_exposicao_ar,0.0453333333333333,0.011372481406154659
uso_epi,0.0393333333333333,0.011527744310527055
cristalizacao,0.0033333333333333106,0.0055777335102271865
data_validade_legivel,0.0023333333333333097,0.002134374745810928
tampa_correta,0.0009999999999999675,0.0033499585403736244
rotulo_presente,-2.2204460492503132e-17,0.002108185106778933
tipo_embalagem,-0.0013333333333333751,0.0049888765156985825
vedacao_adequada,-0.0013333333333333751,0.004000000000000005
estado_embalagem,-0.001666666666666694,0.0022360679774998168
informacoes_completas,-0.002666666666666706,0.004898979485566376
registro_lote,-0.004333333333333378,0.0057831171909658256
historico_reclamacoes,-0.007000000000000029,0.005467073155618901
lote_identificado,-0.007333333333333358,0.003265986323710896
