feature,importance_mean,importance_std
umidade_mel,0.25633333333333336,0.022383029285599394
higienizacao_previa,0.2563333333333333,0.018101565309847283
manipulador_higiene,0.20166666666666672,0.01833333333333334
temperatura_envase,0.1706666666666667,0.015972198067614584
local_envase,0.15466666666666667,0.016478942792411036
treinamento_equipe,0.09866666666666668,0.016878651868229545
uso_epi,0.0876666666666667,0.009780933834080817
tempo_exposicao_ar,0.07700000000000004,0.010588253449512395
aspecto_visual,0.07400000000000004,0.014666666666666658
registro_lote,0.030666666666666686,0.012806248474865686
rotulo_presente,0.011000000000000032,0.004484541349024567
cristalizacao,0.006333333333333369,0.00566666666666666
vedacao_adequada,0.004333333333333378,0.004484541349024562
estado_embalagem,0.003333333333333377,0.0025819888974716277
historico_reclamacoes,0.003333333333333366,0.00421637021355784
lote_identificado,0.002333333333333376,0.003000000000000016
data_validade_legivel,0.0016666666666667162,0.0040138648595974364
informacoes_completas,0.001666666666666694,0.005627314338711366
tipo_embalagem,2.2204460492503132e-17,0.002108185106778933
tampa_correta,-0.010666666666666647,0.0053333333333333375
