feature,importance_mean,importance_std
higienizacao_previa,0.20266666666666672,0.021281186266016484
umidade_mel,0.1906666666666667,0.02484619353811228
manipulador_higiene,0.1453333333333334,0.01593040419379802
temperatura_envase,0.11500000000000003,0.017272328544042145
local_envase,0.10633333333333339,0.019232495649002226
treinamento_equipe,0.05766666666666672,0.007895146188218004
uso_epi,0.046666666666666703,0.010954451150103309
aspecto_visual,0.03733333333333337,0.010832051206181274
tempo_exposicao_ar,0.03733333333333337,0.010413666234542204
rotulo_presente,0.005666666666666697,0.0033499585403736335
estado_embalagem,0.003000000000000036,0.006046119049072355
vedacao_adequada,0.0023333333333333873,0.001527525231651982
lote_identificado,0.0023333333333333873,0.001527525231651982
registro_lote,0.002333333333333376,0.009551032521262921
data_validade_legivel,0.002000000000000035,0.0030550504633039106
cristalizacao,0.000666666666666682,0.0024944382578493073
tipo_embalagem,3.3306690738754695e-17,0.003333333333333344
historico_reclamacoes,-0.0006666666666666377,0.004666666666666654
tampa_correta,-0.00599999999999995,0.008137703743822472
informacoes_completas,-0.007666666666666622,0.008034647195462617
