feature,importance_mean,importance_std
estado_embalagem,0.23433333333333328,0.018138357147217045
vedacao_adequada,0.19033333333333333,0.015088627063675024
tampa_correta,0.186,0.013232955494186129
aspecto_visual,0.10633333333333332,0.014410644214144867
manipulador_higiene,0.10566666666666664,0.00989388138643723
local_envase,0.07966666666666666,0.013940349110884308
tipo_embalagem,0.05399999999999997,0.011135528725660038
