feature,importance_mean,importance_std
estado_embalagem,0.29100000000000004,0.01738773514099331
tampa_correta,0.2556666666666667,0.014146063449281961
vedacao_adequada,0.24466666666666673,0.017587874611030552
aspecto_visual,0.20266666666666672,0.02950706130177429
manipulador_higiene,0.15966666666666668,0.013699148392023023
local_envase,0.12633333333333335,0.01649579070887817
tipo_embalagem,0.10833333333333336,0.014240006242195886
