feature,importance_mean,importance_std
estado_embalagem,0.30233333333333323,0.015567059238447496
tampa_correta,0.248,0.01175679472569893
vedacao_adequada,0.2416666666666666,0.016683325008322942
aspecto_visual,0.1746666666666666,0.024819347291981726
manipulador_higiene,0.16166666666666657,0.011474609652038996
local_envase,0.11833333333333326,0.022521594575478476
tipo_embalagem,0.09866666666666661,0.012666666666666677
