feature,importance_mean,importance_std
estado_embalagem,0.18599999999999997,0.013148721948877336
vedacao_adequada,0.15899999999999997,0.014456832294800957
tampa_correta,0.1433333333333333,0.013904435743076145
aspecto_visual,0.045333333333333316,0.008589399151150078
local_envase,0.034666666666666665,0.012220201853215575
manipulador_higiene,0.033333333333333305,0.0154200446749605
tipo_embalagem,0.008999999999999998,0.008034647195462631
