{
  "etapa": "expedicao",
  "perigo": "bio",
  "timestamp": "20250925_093607",
  "features_usadas": [
    "temperatura_transporte_c",
    "tempo_transporte_h",
    "veiculo_higienizado",
    "carga_compartilhada_quimicos",
    "embalagem_secundaria_protecao",
    "lacres_veiculo_integridade",
    "registro_condicoes_transporte",
    "lote_identificado"
  ],
  "classes": {
    "0": "DESPREZÍVEL",
    "1": "BAIXA",
    "2": "MÉDIA",
    "3": "ALTA"
  },
  "metrics": {
    "balanced_accuracy": 0.9589146360885492,
    "macro_f1": 0.9540454918805286,
    "report": {
      "0": {
        "precision": 1.0,
        "recall": 0.9904761904761905,
        "f1-score": 0.9952153110047847,
        "support": 105.0
      },
      "1": {
        "precision": 0.9870967741935484,
        "recall": 0.9503105590062112,
        "f1-score": 0.9683544303797469,
        "support": 161.0
      },
      "2": {
        "precision": 0.9090909090909091,
        "recall": 0.9615384615384616,
        "f1-score": 0.9345794392523364,
        "support": 104.0
      },
      "3": {
        "precision": 0.9032258064516129,
        "recall": 0.9333333333333333,
        "f1-score": 0.9180327868852459,
        "support": 30.0
      },
      "accuracy": 0.9625,
      "macro avg": {
        "precision": 0.9498533724340176,
        "recall": 0.9589146360885492,
        "f1-score": 0.9540454918805286,
        "support": 400.0
      },
      "weighted avg": {
        "precision": 0.9639120234604106,
        "recall": 0.9625,
        "f1-score": 0.9628497905886051,
        "support": 400.0
      }
    }
  },
  "rf_params": {
    "n_estimators": 300,
    "max_depth": null,
    "min_samples_leaf": 2,
    "class_weight": "balanced_subsample",
    "random_state": 42,
    "n_jobs": -1
  }
}