feature,importance_mean,importance_std
tempo_decantacao_h,0.5204079686998413,0.025379207716508013
temperatura_decantacao_c,0.48067018139531237,0.024419942927399883
claridade_visual_nota,0.011449194096551086,0.0051832432599623855
material_tanque_inox_grau_alimentar,0.00558751244915674,0.004837494318495608
lote_identificado,0.004417981844025876,0.005709293431633755
cobertura_anti_pragas,0.0018508357662470165,0.005979505553624591
remocao_espuma_impurezas,-0.0002876365486245258,0.004292445599040823
tanque_limpio_sanitizado,-0.0008278112137399818,0.0044770661512184284
